id,user_id,question_id,points,username,submitted_at
1,1235457227733864469,9,60,najir_11320,"2024-10-25 19:21:23.631099"
2,1298672386534539475,7,-10,dodo98712050,"2024-10-25 19:21:40.401706"
4,1235457227733864469,25,120,najir_11320,"2024-10-25 20:44:37.671239"
9,1235457227733864469,8,60,najir_11320,"2024-10-25 21:47:41.299445"
13,1235457227733864469,31,80,najir_11320,"2024-10-25 22:18:40.246814"
16,1235457227733864469,28,60,najir_11320,"2024-10-25 22:32:38.813740"
21,1235457227733864469,14,60,najir_11320,"2024-10-25 22:45:08.440826"
23,1235457227733864469,32,60,najir_11320,"2024-10-26 00:05:15.913896"
24,1235457227733864469,121,120,najir_11320,"2024-10-26 00:06:14.102670"
29,1298672386534539475,105,-10,dodo98712050,"2024-10-26 00:32:06.272094"
30,1298672386534539475,263,-10,dodo98712050,"2024-10-26 07:04:04.502725"
31,1298672386534539475,62,-10,dodo98712050,"2024-10-26 07:05:33.245745"
32,1298672386534539475,247,-10,dodo98712050,"2024-10-26 07:10:31.321712"
33,1298672386534539475,201,-10,dodo98712050,"2024-10-26 07:11:14.398591"
34,1298672386534539475,233,60,dodo98712050,"2024-10-26 07:12:57.904963"
37,1235457227733864469,64,80,najir_11320,"2024-10-26 09:35:28.902836"
38,1235457227733864469,161,0,najir_11320,"2024-10-26 12:48:08.651534"
39,1235457227733864469,90,0,najir_11320,"2024-10-26 12:48:43.565799"
40,1235457227733864469,52,80,najir_11320,"2024-10-26 14:56:01.410021"
41,1235457227733864469,256,60,najir_11320,"2024-10-26 14:56:30.860522"
46,1235457227733864469,237,60,najir_11320,"2024-10-26 15:04:10.296642"
48,1298672386534539475,303,-20,dodo98712050,"2024-10-26 15:06:53.330506"
53,1235457227733864469,246,120,najir_11320,"2024-10-26 16:25:22.194302"
56,1298672386534539475,90,-40,dodo98712050,"2024-10-26 17:48:40.908087"
59,1235457227733864469,149,120,najir_11320,"2024-10-26 18:16:38.176981"
64,1235457227733864469,166,120,najir_11320,"2024-10-26 19:29:37.496994"
65,1298672386534539475,79,-10,dodo98712050,"2024-10-26 23:14:55.308634"
66,1298672386534539475,143,-10,dodo98712050,"2024-10-26 23:20:11.651296"
67,1298672386534539475,143,120,dodo98712050,"2024-10-26 23:21:47.798532"
68,1235457227733864469,251,130,najir_11320,"2024-10-27 16:02:59.221691"
70,1235457227733864469,16,120,najir_11320,"2024-10-27 16:12:58.287864"
71,1300128666302414880,66,-10,amit044024,"2024-10-27 16:53:26.543300"
76,848234085348671488,9,120,dai7350,"2024-10-27 18:14:04.326387"
77,848234085348671488,29,170,dai7350,"2024-10-27 18:22:46.556689"
78,1118952405804003369,67,-10,uday3007,"2024-10-27 18:22:56.097256"
79,1118952405804003369,67,160,uday3007,"2024-10-27 18:25:14.251237"
80,848234085348671488,280,180,dai7350,"2024-10-27 18:28:38.201207"
83,1235457227733864469,163,120,najir_11320,"2024-10-27 20:14:17.890395"
85,1235457227733864469,308,120,najir_11320,"2024-10-27 20:39:30.195271"
86,1298672386534539475,15,130,dodo98712050,"2024-10-27 20:49:09.913066"
87,687329197135626341,268,80,chiranjeev3210,"2024-10-27 21:21:24.261235"
88,687329197135626341,107,90,chiranjeev3210,"2024-10-27 22:00:54.198274"
90,687329197135626341,297,100,chiranjeev3210,"2024-10-28 10:31:50.800551"
91,687329197135626341,8,90,chiranjeev3210,"2024-10-28 10:33:07.379432"
94,1235457227733864469,72,120,najir_11320,"2024-10-28 11:16:48.241229"
98,1235457227733864469,171,0,najir_11320,"2024-10-28 16:05:00.219811"
99,1298672386534539475,171,0,dodo98712050,"2024-10-28 16:05:00.323690"
102,1298672386534539475,107,-20,dodo98712050,"2024-10-28 16:45:00.348466"
104,1235457227733864469,235,60,najir_11320,"2024-10-29 05:32:05.618827"
105,1235457227733864469,13,70,najir_11320,"2024-10-29 05:37:48.320809"
107,1235457227733864469,305,60,najir_11320,"2024-10-29 05:48:51.163129"
109,1262933589515833357,306,60,ashh011880,"2024-10-29 08:35:43.023695"
110,1235457227733864469,372,0,najir_11320,"2024-10-29 09:39:43.175216"
111,1112840424097325096,255,60,amandeep.kaur,"2024-10-29 09:40:16.082358"
112,1298672386534539475,372,-10,dodo98712050,"2024-10-29 09:40:52.823771"
113,1235457227733864469,400,90,najir_11320,"2024-10-29 11:05:27.287069"
114,1235457227733864469,373,140,najir_11320,"2024-10-29 11:22:59.408836"
115,1179805293518004286,259,80,harshavardhan29,"2024-10-29 13:58:48.379792"
116,1179805293518004286,288,90,harshavardhan29,"2024-10-29 14:01:47.164144"
117,1179805293518004286,279,-10,harshavardhan29,"2024-10-29 14:07:28.534979"
118,1179805293518004286,279,80,harshavardhan29,"2024-10-29 14:10:41.728967"
119,1179805293518004286,147,70,harshavardhan29,"2024-10-29 14:13:59.865264"
120,1179805293518004286,96,100,harshavardhan29,"2024-10-29 14:43:18.210383"
121,1060410743834546186,91,80,pradeep2449,"2024-10-29 14:53:21.805574"
122,1294768227401863189,246,60,sahib_08740,"2024-10-29 15:14:46.786421"
123,1300839064781455401,400,80,anusha_sha,"2024-10-29 15:16:56.725855"
124,1294768227401863189,248,70,sahib_08740,"2024-10-29 15:20:05.408106"
125,1294768227401863189,239,80,sahib_08740,"2024-10-29 15:22:06.222258"
126,1294768227401863189,303,90,sahib_08740,"2024-10-29 15:27:38.388872"
127,1298672386534539475,96,-20,dodo98712050,"2024-10-29 16:00:00.381997"
129,1112840424097325096,96,-20,amandeep.kaur,"2024-10-29 16:00:00.421758"
130,1300859158136098947,60,80,bhavin0952,"2024-10-29 16:47:03.493597"
131,1224471913867251773,19,80,sigmund_freud_36467,"2024-10-29 16:54:18.684782"
132,1300839064781455401,373,-10,anusha_sha,"2024-10-29 17:05:12.821339"
133,1300839064781455401,373,120,anusha_sha,"2024-10-29 17:05:54.218895"
134,1179805293518004286,177,110,harshavardhan29,"2024-10-29 17:13:22.364582"
135,1300839064781455401,171,90,anusha_sha,"2024-10-29 17:14:48.200921"
136,1300859530166403143,288,80,shubhampanthri_12929,"2024-10-29 17:15:29.458520"
137,1300839064781455401,311,-10,anusha_sha,"2024-10-29 17:29:17.257628"
138,1300839064781455401,311,80,anusha_sha,"2024-10-29 17:30:43.865019"
139,1300859530166403143,277,90,shubhampanthri_12929,"2024-10-29 17:37:24.756709"
140,1300839064781455401,320,-10,anusha_sha,"2024-10-29 17:40:08.674936"
141,1300839064781455401,320,-10,anusha_sha,"2024-10-29 17:41:01.808937"
142,1300859530166403143,299,100,shubhampanthri_12929,"2024-10-29 17:51:00.811120"
143,1179805293518004286,46,-10,harshavardhan29,"2024-10-29 18:35:41.310075"
144,1179805293518004286,46,80,harshavardhan29,"2024-10-29 18:38:34.777577"
145,1179805293518004286,290,90,harshavardhan29,"2024-10-29 18:47:44.857626"
146,1179805293518004286,281,100,harshavardhan29,"2024-10-29 18:49:33.186201"
147,1179805293518004286,217,110,harshavardhan29,"2024-10-29 18:54:28.863443"
148,1179805293518004286,346,120,harshavardhan29,"2024-10-29 19:10:46.476597"
149,1202370332053344306,284,80,rahulgummal,"2024-10-29 20:43:28.943831"
150,687329197135626341,174,-10,chiranjeev3210,"2024-10-29 22:01:56.398046"
151,687329197135626341,174,-10,chiranjeev3210,"2024-10-29 22:03:19.255866"
152,687329197135626341,174,-10,chiranjeev3210,"2024-10-29 22:04:41.440590"
153,687329197135626341,59,120,chiranjeev3210,"2024-10-29 22:17:13.399684"
154,687329197135626341,66,90,chiranjeev3210,"2024-10-29 22:25:23.274172"
155,1060410743834546186,110,-10,pradeep2449,"2024-10-30 03:42:13.159051"
156,1060410743834546186,110,-10,pradeep2449,"2024-10-30 03:45:07.998267"
157,1060410743834546186,110,80,pradeep2449,"2024-10-30 03:47:14.613882"
158,1300859530166403143,183,110,shubhampanthri_12929,"2024-10-30 04:09:58.170444"
159,1300859530166403143,87,160,shubhampanthri_12929,"2024-10-30 04:17:51.419369"
160,1300859530166403143,79,170,shubhampanthri_12929,"2024-10-30 04:25:52.396066"
161,1179805293518004286,133,-10,harshavardhan29,"2024-10-30 05:42:54.520396"
162,1179805293518004286,133,-10,harshavardhan29,"2024-10-30 05:44:14.562054"
163,1179805293518004286,133,120,harshavardhan29,"2024-10-30 05:47:43.386158"
164,1179805293518004286,68,-10,harshavardhan29,"2024-10-30 05:53:51.806726"
165,1179805293518004286,68,-10,harshavardhan29,"2024-10-30 05:56:32.319222"
166,1179805293518004286,68,120,harshavardhan29,"2024-10-30 05:56:59.776402"
167,1179805293518004286,79,130,harshavardhan29,"2024-10-30 06:01:04.512159"
168,1179805293518004286,354,100,harshavardhan29,"2024-10-30 06:12:06.597822"
169,1179805293518004286,60,110,harshavardhan29,"2024-10-30 06:14:52.329294"
170,1301069060150136936,243,60,bharath_66231,"2024-10-30 06:34:33.202776"
171,1060410743834546186,238,70,pradeep2449,"2024-10-30 07:15:14.744702"
172,1301069946561892392,192,60,tanvi_88897,"2024-10-30 07:50:01.914460"
173,1301069946561892392,266,90,tanvi_88897,"2024-10-30 07:59:49.306452"
174,1301096875272699904,278,80,adventurous_unicorn_71057,"2024-10-30 08:46:22.391926"
175,1301096875272699904,308,70,adventurous_unicorn_71057,"2024-10-30 08:53:56.250603"
176,1301096875272699904,288,100,adventurous_unicorn_71057,"2024-10-30 08:57:43.575799"
177,1301096875272699904,232,90,adventurous_unicorn_71057,"2024-10-30 09:00:26.245214"
178,1301096875272699904,93,-10,adventurous_unicorn_71057,"2024-10-30 09:08:53.877037"
179,1301096875272699904,93,-10,adventurous_unicorn_71057,"2024-10-30 09:10:31.671430"
180,1301096875272699904,172,80,adventurous_unicorn_71057,"2024-10-30 09:22:10.613951"
181,1301110299889504358,91,80,vamsi_39440,"2024-10-30 09:34:02.415564"
182,1301110299889504358,364,90,vamsi_39440,"2024-10-30 09:47:36.450762"
183,1301096875272699904,208,-10,adventurous_unicorn_71057,"2024-10-30 10:00:52.579796"
184,1301096875272699904,208,-10,adventurous_unicorn_71057,"2024-10-30 10:01:56.828921"
185,1301096875272699904,208,-10,adventurous_unicorn_71057,"2024-10-30 10:03:41.641449"
186,1060410743834546186,107,100,pradeep2449,"2024-10-30 10:34:40.964525"
187,1060410743834546186,66,110,pradeep2449,"2024-10-30 10:49:40.587709"
188,1301096875272699904,333,80,adventurous_unicorn_71057,"2024-10-30 10:57:42.531852"
189,1301096875272699904,341,-10,adventurous_unicorn_71057,"2024-10-30 11:03:31.496046"
190,639395659706794006,258,60,ttbhai,"2024-10-30 11:04:27.890090"
191,1301096875272699904,341,-10,adventurous_unicorn_71057,"2024-10-30 11:04:57.491747"
192,1301096875272699904,341,-10,adventurous_unicorn_71057,"2024-10-30 11:07:48.109460"
193,639395659706794006,235,70,ttbhai,"2024-10-30 11:08:55.964668"
194,1202370332053344306,268,90,rahulgummal,"2024-10-30 14:19:13.391504"
195,1179805293518004286,247,100,harshavardhan29,"2024-10-30 15:07:12.492132"
196,1300128666302414880,85,-20,amit044024,"2024-10-30 16:00:00.345115"
198,1179805293518004286,85,-20,harshavardhan29,"2024-10-30 16:00:00.408155"
199,1202370332053344306,358,100,rahulgummal,"2024-10-30 17:20:03.523945"
200,1179805293518004286,236,110,harshavardhan29,"2024-10-30 17:21:34.452880"
201,1179805293518004286,172,140,harshavardhan29,"2024-10-30 17:25:57.285058"
202,1179805293518004286,216,-10,harshavardhan29,"2024-10-30 17:31:55.779869"
203,1179805293518004286,216,-10,harshavardhan29,"2024-10-30 17:35:30.397678"
204,1300839064781455401,150,60,anusha_sha,"2024-10-30 17:54:25.781116"
205,1300839064781455401,336,-10,anusha_sha,"2024-10-30 18:21:26.679752"
206,796757669226610739,244,60,pushpakgaikwad12,"2024-10-30 20:01:28.300893"
207,796757669226610739,94,90,pushpakgaikwad12,"2024-10-30 20:10:46.093187"
208,1235457227733864469,128,150,najir_11320,"2024-10-31 03:09:56.647981"
209,1118952405804003369,400,90,uday3007,"2024-10-31 03:18:58.506458"
210,1118952405804003369,373,-10,uday3007,"2024-10-31 03:35:11.367840"
211,1118952405804003369,373,-10,uday3007,"2024-10-31 03:37:21.830352"
212,1118952405804003369,373,-10,uday3007,"2024-10-31 03:42:13.191467"
213,796757669226610739,106,100,pushpakgaikwad12,"2024-10-31 04:01:38.331150"
214,796757669226610739,283,110,pushpakgaikwad12,"2024-10-31 04:10:03.324963"
215,1118952405804003369,373,-10,uday3007,"2024-10-31 04:45:33.426472"
216,1118952405804003369,373,120,uday3007,"2024-10-31 04:50:42.302224"
217,1235457227733864469,245,100,najir_11320,"2024-10-31 07:01:59.381694"
219,1301096875272699904,282,80,adventurous_unicorn_71057,"2024-10-31 08:08:16.873569"
220,1301096875272699904,36,-10,adventurous_unicorn_71057,"2024-10-31 08:12:26.548848"
221,1301096875272699904,36,-10,adventurous_unicorn_71057,"2024-10-31 08:12:55.284078"
222,1301096875272699904,112,80,adventurous_unicorn_71057,"2024-10-31 08:18:19.924370"
223,1301096875272699904,202,-10,adventurous_unicorn_71057,"2024-10-31 08:24:22.554965"
224,1301096875272699904,202,-10,adventurous_unicorn_71057,"2024-10-31 08:25:26.330242"
225,1301096875272699904,202,-10,adventurous_unicorn_71057,"2024-10-31 08:26:29.296970"
226,1301096875272699904,141,60,adventurous_unicorn_71057,"2024-10-31 08:33:48.305277"
227,1301096875272699904,133,130,adventurous_unicorn_71057,"2024-10-31 08:50:14.355222"
228,1301096875272699904,227,-10,adventurous_unicorn_71057,"2024-10-31 08:52:31.683200"
229,1301096875272699904,227,-10,adventurous_unicorn_71057,"2024-10-31 08:54:34.310797"
230,1301096875272699904,227,60,adventurous_unicorn_71057,"2024-10-31 08:55:04.249197"
231,1301096875272699904,19,90,adventurous_unicorn_71057,"2024-10-31 09:06:18.844562"
232,1301096875272699904,338,-10,adventurous_unicorn_71057,"2024-10-31 09:13:23.451395"
233,1301096875272699904,338,-10,adventurous_unicorn_71057,"2024-10-31 09:17:12.342834"
234,1301096875272699904,252,60,adventurous_unicorn_71057,"2024-10-31 09:31:15.932814"
235,1301096875272699904,97,90,adventurous_unicorn_71057,"2024-10-31 10:05:40.024776"
236,1301096875272699904,24,100,adventurous_unicorn_71057,"2024-10-31 10:14:15.152245"
237,1060410743834546186,337,-10,pradeep2449,"2024-10-31 10:14:28.250310"
238,1060410743834546186,337,-10,pradeep2449,"2024-10-31 10:16:03.342600"
239,1060410743834546186,337,-10,pradeep2449,"2024-10-31 10:16:17.797388"
240,1060410743834546186,148,60,pradeep2449,"2024-10-31 10:21:04.291505"
241,1301096875272699904,165,-10,adventurous_unicorn_71057,"2024-10-31 10:34:03.655657"
242,1301096875272699904,165,60,adventurous_unicorn_71057,"2024-10-31 10:35:10.932187"
243,796757669226610739,158,100,pushpakgaikwad12,"2024-10-31 10:40:53.895240"
244,1301096875272699904,68,-10,adventurous_unicorn_71057,"2024-10-31 10:42:47.063362"
245,796757669226610739,187,130,pushpakgaikwad12,"2024-10-31 10:47:51.191413"
246,1301096875272699904,91,80,adventurous_unicorn_71057,"2024-10-31 10:50:58.082668"
247,1060410743834546186,227,-10,pradeep2449,"2024-10-31 10:53:18.497858"
248,1060410743834546186,227,60,pradeep2449,"2024-10-31 10:54:41.328595"
249,796757669226610739,306,120,pushpakgaikwad12,"2024-10-31 10:56:39.481483"
250,1301096875272699904,39,-10,adventurous_unicorn_71057,"2024-10-31 11:08:23.327996"
251,1301096875272699904,39,-10,adventurous_unicorn_71057,"2024-10-31 11:08:59.344795"
252,1292626593516355617,219,60,rssahu_34755,"2024-10-31 11:52:39.077475"
253,1060410743834546186,138,90,pradeep2449,"2024-10-31 11:58:04.310409"
254,796757669226610739,58,150,pushpakgaikwad12,"2024-10-31 12:12:25.274581"
255,796757669226610739,1,160,pushpakgaikwad12,"2024-10-31 12:17:36.416058"
256,1292626593516355617,97,90,rssahu_34755,"2024-10-31 12:29:32.413254"
257,1179805293518004286,343,-10,harshavardhan29,"2024-10-31 12:50:51.821369"
258,1179805293518004286,343,-10,harshavardhan29,"2024-10-31 12:52:05.663086"
259,1179805293518004286,343,80,harshavardhan29,"2024-10-31 12:57:30.446771"
260,1179805293518004286,345,-10,harshavardhan29,"2024-10-31 13:09:05.555426"
261,1179805293518004286,345,-10,harshavardhan29,"2024-10-31 13:10:17.281124"
262,1179805293518004286,345,-10,harshavardhan29,"2024-10-31 13:12:12.306064"
263,1294768227401863189,357,-10,sahib_08740,"2024-10-31 13:34:56.673738"
264,1179805293518004286,318,-20,harshavardhan29,"2024-10-31 16:00:00.471796"
265,1301110299889504358,348,-10,vamsi_39440,"2024-11-01 05:41:38.548651"
266,1300859530166403143,264,140,shubhampanthri_12929,"2024-11-01 07:41:47.098116"
267,1301096875272699904,169,-10,adventurous_unicorn_71057,"2024-11-01 08:19:03.973468"
268,1300839064781455401,353,60,anusha_sha,"2024-11-01 16:52:26.932947"
269,1300839064781455401,342,-10,anusha_sha,"2024-11-01 16:58:07.826180"
270,1300839064781455401,342,-10,anusha_sha,"2024-11-01 17:17:31.051898"
271,1300839064781455401,342,-10,anusha_sha,"2024-11-01 17:19:18.187302"
272,1300865579653267516,78,120,7akaman,"2024-11-01 17:21:04.334188"
273,1300839064781455401,342,-10,anusha_sha,"2024-11-01 17:23:41.122394"
274,1300839064781455401,176,-10,anusha_sha,"2024-11-01 17:36:10.955870"
275,1300839064781455401,176,80,anusha_sha,"2024-11-01 17:43:31.649811"
276,1300865579653267516,355,90,7akaman,"2024-11-01 18:49:05.689565"
277,1060410743834546186,23,100,pradeep2449,"2024-11-02 03:16:06.721197"
278,1197191545154179143,314,-10,smo2024,"2024-11-02 03:39:13.448424"
279,1197191545154179143,148,60,smo2024,"2024-11-02 03:48:06.165701"
280,1197191545154179143,151,-10,smo2024,"2024-11-02 04:06:11.341842"
281,1197191545154179143,151,60,smo2024,"2024-11-02 04:07:40.891880"
282,1300859158136098947,374,90,bhavin0952,"2024-11-02 05:15:15.643632"
283,1300859158136098947,177,100,bhavin0952,"2024-11-02 05:22:16.315383"
284,1300859158136098947,400,110,bhavin0952,"2024-11-02 05:29:12.902577"
285,1300859158136098947,173,-10,bhavin0952,"2024-11-02 05:33:13.272032"
286,1300859158136098947,173,80,bhavin0952,"2024-11-02 05:36:03.277319"
287,1300859158136098947,113,90,bhavin0952,"2024-11-02 05:42:57.804006"
288,1300859158136098947,126,-10,bhavin0952,"2024-11-02 05:51:50.630336"
289,1300859158136098947,126,-10,bhavin0952,"2024-11-02 05:53:59.574071"
290,1300859158136098947,126,-10,bhavin0952,"2024-11-02 06:02:16.320438"
291,1300859158136098947,15,60,bhavin0952,"2024-11-02 06:18:43.752159"
292,1300859158136098947,187,90,bhavin0952,"2024-11-02 06:22:32.237468"
293,1300859158136098947,34,-10,bhavin0952,"2024-11-02 06:26:00.627485"
294,1300859158136098947,34,60,bhavin0952,"2024-11-02 06:27:13.155995"
295,1300859158136098947,116,90,bhavin0952,"2024-11-02 07:20:16.243613"
296,1300859158136098947,339,-10,bhavin0952,"2024-11-02 07:47:35.365208"
297,1300859158136098947,339,-10,bhavin0952,"2024-11-02 07:50:53.975505"
298,1300859158136098947,339,-10,bhavin0952,"2024-11-02 07:53:33.633755"
299,1291464726080913429,6,-10,neha011756,"2024-11-02 10:18:52.437497"
300,1300859158136098947,82,120,bhavin0952,"2024-11-02 10:44:55.937465"
301,1300859158136098947,247,70,bhavin0952,"2024-11-02 10:47:43.694114"
302,1300859158136098947,160,-10,bhavin0952,"2024-11-02 10:50:12.013105"
303,1300859158136098947,160,60,bhavin0952,"2024-11-02 10:51:47.084953"
304,1291464726080913429,149,60,neha011756,"2024-11-02 10:53:24.462667"
305,1300859158136098947,44,90,bhavin0952,"2024-11-02 10:55:42.724972"
306,1300859158136098947,21,-10,bhavin0952,"2024-11-02 11:04:01.708496"
307,687329197135626341,132,140,chiranjeev3210,"2024-11-02 12:04:26.307299"
308,687329197135626341,237,-10,chiranjeev3210,"2024-11-02 12:09:50.143545"
309,1300859158136098947,353,60,bhavin0952,"2024-11-02 12:13:29.391169"
310,687329197135626341,235,60,chiranjeev3210,"2024-11-02 12:16:18.327343"
311,1300859158136098947,128,-10,bhavin0952,"2024-11-02 12:21:35.693063"
312,1300859158136098947,128,-10,bhavin0952,"2024-11-02 12:24:04.484564"
313,687329197135626341,173,90,chiranjeev3210,"2024-11-02 12:25:59.510403"
314,1300859158136098947,128,-10,bhavin0952,"2024-11-02 12:29:35.958391"
315,1300859158136098947,52,-10,bhavin0952,"2024-11-02 12:35:38.674676"
316,1300859158136098947,52,-10,bhavin0952,"2024-11-02 12:38:06.857769"
317,1300859158136098947,52,80,bhavin0952,"2024-11-02 12:40:07.145197"
318,687329197135626341,111,100,chiranjeev3210,"2024-11-02 12:53:06.829683"
319,687329197135626341,301,90,chiranjeev3210,"2024-11-02 12:59:28.825925"
320,687329197135626341,12,100,chiranjeev3210,"2024-11-02 13:01:41.274034"
321,687329197135626341,147,110,chiranjeev3210,"2024-11-02 13:46:56.670297"
322,687329197135626341,172,140,chiranjeev3210,"2024-11-02 13:55:10.803930"
323,687329197135626341,291,-10,chiranjeev3210,"2024-11-02 13:59:39.697416"
324,687329197135626341,291,-10,chiranjeev3210,"2024-11-02 14:03:00.650714"
325,687329197135626341,291,-10,chiranjeev3210,"2024-11-02 14:05:30.965935"
327,1179805293518004286,226,-20,harshavardhan29,"2024-11-02 16:00:00.590773"
328,1060410743834546186,282,110,pradeep2449,"2024-11-02 16:06:29.985577"
329,1300859158136098947,88,-10,bhavin0952,"2024-11-02 16:44:14.399910"
330,1300859158136098947,88,-10,bhavin0952,"2024-11-02 16:47:43.850964"
331,1300859158136098947,165,60,bhavin0952,"2024-11-02 17:04:48.497383"
332,1300859158136098947,163,70,bhavin0952,"2024-11-02 17:07:34.704670"
333,1300865579653267516,72,140,7akaman,"2024-11-02 17:10:02.493823"
334,1300859158136098947,328,-10,bhavin0952,"2024-11-02 17:13:28.726594"
335,1300859158136098947,328,-10,bhavin0952,"2024-11-02 17:17:04.758990"
336,1300859158136098947,328,-10,bhavin0952,"2024-11-02 17:19:16.799436"
343,885528414042333234,197,80,malb6012,"2024-11-02 17:57:03.938526"
344,885528414042333234,4,90,malb6012,"2024-11-02 18:00:55.282733"
345,885528414042333234,308,80,malb6012,"2024-11-02 18:05:59.506262"
347,885528414042333234,185,-10,malb6012,"2024-11-02 18:12:39.303619"
348,885528414042333234,185,-10,malb6012,"2024-11-02 18:14:48.017994"
349,885528414042333234,185,-10,malb6012,"2024-11-02 18:19:10.281246"
350,1179805293518004286,206,-10,harshavardhan29,"2024-11-02 18:29:26.336568"
351,1179805293518004286,206,-10,harshavardhan29,"2024-11-02 18:31:22.324990"
352,1300865579653267516,178,110,7akaman,"2024-11-02 19:31:12.101103"
353,1300865579653267516,297,120,7akaman,"2024-11-02 19:34:45.794678"
354,1262990768205856850,245,60,srvs_kumar,"2024-11-02 19:40:17.311113"
355,1300865579653267516,321,-10,7akaman,"2024-11-02 19:49:05.410428"
356,1300859158136098947,52,-50,bhavin0952,"2024-11-02 23:50:54.152525"
357,1300859158136098947,128,-50,bhavin0952,"2024-11-02 23:52:04.449671"
358,1300859158136098947,57,60,bhavin0952,"2024-11-02 23:59:13.328306"
359,1300859158136098947,221,-10,bhavin0952,"2024-11-03 00:01:21.059074"
360,1300859158136098947,221,-10,bhavin0952,"2024-11-03 00:02:52.793988"
361,1300859158136098947,221,-50,bhavin0952,"2024-11-03 00:03:32.141887"
362,1300859158136098947,169,80,bhavin0952,"2024-11-03 00:13:38.303462"
363,1302443875624947803,187,80,manisha_71736,"2024-11-03 03:28:48.795924"
364,1302443875624947803,60,90,manisha_71736,"2024-11-03 03:32:01.984812"
365,1302443875624947803,112,100,manisha_71736,"2024-11-03 03:35:52.243911"
366,1302443875624947803,31,110,manisha_71736,"2024-11-03 03:38:30.335162"
367,1302443875624947803,255,100,manisha_71736,"2024-11-03 03:41:12.306246"
368,1302443875624947803,345,-10,manisha_71736,"2024-11-03 03:48:02.520400"
369,1302443875624947803,279,80,manisha_71736,"2024-11-03 04:05:36.873533"
370,1302443875624947803,43,90,manisha_71736,"2024-11-03 04:10:10.288277"
371,1302443875624947803,23,100,manisha_71736,"2024-11-03 04:14:04.657548"
372,1302443875624947803,196,110,manisha_71736,"2024-11-03 04:16:50.257523"
373,1302443875624947803,160,-10,manisha_71736,"2024-11-03 04:18:34.169380"
374,1302443875624947803,160,60,manisha_71736,"2024-11-03 04:19:43.360506"
375,1302443875624947803,145,70,manisha_71736,"2024-11-03 04:21:20.319192"
376,1060410743834546186,11,100,pradeep2449,"2024-11-03 04:22:04.564396"
377,1302443875624947803,355,-10,manisha_71736,"2024-11-03 04:32:12.303298"
378,1302443875624947803,355,-50,manisha_71736,"2024-11-03 05:25:36.886206"
379,1060410743834546186,126,170,pradeep2449,"2024-11-03 05:35:28.393042"
380,1302443875624947803,75,-10,manisha_71736,"2024-11-03 05:40:54.878190"
381,1302443875624947803,75,-10,manisha_71736,"2024-11-03 05:44:49.065464"
382,1302443875624947803,75,-50,manisha_71736,"2024-11-03 05:45:04.854890"
383,1109621504095813754,152,60,jesdq,"2024-11-03 06:43:45.954344"
384,1109621504095813754,213,90,jesdq,"2024-11-03 06:45:57.410582"
385,1300839064781455401,33,-10,anusha_sha,"2024-11-03 06:54:38.155271"
386,1300839064781455401,33,-10,anusha_sha,"2024-11-03 06:59:47.408979"
387,1301190161228365835,22,120,vinay01156,"2024-11-03 07:00:42.925225"
388,1300839064781455401,33,80,anusha_sha,"2024-11-03 07:04:12.376420"
389,1301190161228365835,185,-10,vinay01156,"2024-11-03 07:11:58.508550"
390,1301190161228365835,185,-10,vinay01156,"2024-11-03 07:13:41.204203"
391,1301190161228365835,185,-50,vinay01156,"2024-11-03 07:14:07.968391"
392,1301190161228365835,185,-10,vinay01156,"2024-11-03 07:15:27.508316"
393,1301190161228365835,67,80,vinay01156,"2024-11-03 07:31:12.067299"
394,1301190161228365835,92,90,vinay01156,"2024-11-03 07:36:25.293835"
395,1301190161228365835,41,-10,vinay01156,"2024-11-03 07:41:07.247278"
396,1301190161228365835,41,-10,vinay01156,"2024-11-03 07:43:14.988860"
397,1301190161228365835,41,-50,vinay01156,"2024-11-03 07:43:23.649679"
398,1300865579653267516,60,80,7akaman,"2024-11-03 07:45:46.566282"
399,1301190161228365835,41,-10,vinay01156,"2024-11-03 07:49:46.568345"
400,1300865579653267516,53,90,7akaman,"2024-11-03 07:57:26.859914"
401,1301190161228365835,318,-10,vinay01156,"2024-11-03 08:14:10.038185"
402,1301190161228365835,318,-50,vinay01156,"2024-11-03 08:14:21.723279"
403,1300839064781455401,342,-10,anusha_sha,"2024-11-03 08:18:11.164227"
404,1301190161228365835,318,-10,vinay01156,"2024-11-03 08:19:10.649352"
405,1300865579653267516,227,80,7akaman,"2024-11-03 08:23:28.233240"
406,1300865579653267516,253,90,7akaman,"2024-11-03 08:24:57.052821"
407,1300865579653267516,96,120,7akaman,"2024-11-03 08:31:19.119013"
408,1302443875624947803,91,80,manisha_71736,"2024-11-03 08:33:15.019180"
409,1302443875624947803,96,90,manisha_71736,"2024-11-03 08:33:55.347302"
410,1302443875624947803,132,-10,manisha_71736,"2024-11-03 08:58:00.283701"
411,1302443875624947803,132,-50,manisha_71736,"2024-11-03 08:58:16.122720"
413,1109416328609144854,55,80,lokki2590,"2024-11-03 09:20:36.244324"
416,1300859158136098947,290,90,bhavin0952,"2024-11-03 09:23:10.460259"
417,1301190161228365835,6,-10,vinay01156,"2024-11-03 09:24:13.728776"
418,1301190161228365835,6,-50,vinay01156,"2024-11-03 09:24:24.729354"
419,1300859158136098947,139,80,bhavin0952,"2024-11-03 09:25:26.666743"
420,1300859158136098947,256,90,bhavin0952,"2024-11-03 09:27:03.579502"
421,1300859158136098947,344,-10,bhavin0952,"2024-11-03 09:31:40.504094"
422,1300859158136098947,344,-10,bhavin0952,"2024-11-03 09:33:41.353393"
423,1300859158136098947,344,-50,bhavin0952,"2024-11-03 09:33:55.417512"
424,1300859158136098947,260,-10,bhavin0952,"2024-11-03 09:40:14.728519"
425,1300859158136098947,260,80,bhavin0952,"2024-11-03 09:43:34.304588"
426,1179805293518004286,274,80,harshavardhan29,"2024-11-03 09:54:32.886347"
427,1179805293518004286,153,70,harshavardhan29,"2024-11-03 09:55:49.913056"
428,1179805293518004286,43,100,harshavardhan29,"2024-11-03 10:00:28.620918"
429,1179805293518004286,160,90,harshavardhan29,"2024-11-03 10:01:48.281876"
430,1179805293518004286,301,100,harshavardhan29,"2024-11-03 10:02:41.407163"
431,1179805293518004286,201,-10,harshavardhan29,"2024-11-03 10:05:23.696592"
432,1179805293518004286,201,-10,harshavardhan29,"2024-11-03 10:06:23.764573"
433,1179805293518004286,201,-10,harshavardhan29,"2024-11-03 10:12:09.467608"
434,1179805293518004286,298,80,harshavardhan29,"2024-11-03 10:14:36.326558"
435,1179805293518004286,233,70,harshavardhan29,"2024-11-03 10:16:14.311135"
436,1060410743834546186,316,-10,pradeep2449,"2024-11-03 10:20:54.332069"
437,1060410743834546186,316,80,pradeep2449,"2024-11-03 10:22:43.903015"
438,1179805293518004286,17,-10,harshavardhan29,"2024-11-03 10:23:13.126026"
439,1179805293518004286,17,80,harshavardhan29,"2024-11-03 10:24:10.516182"
440,1179805293518004286,300,70,harshavardhan29,"2024-11-03 10:25:29.534629"
441,1179805293518004286,145,80,harshavardhan29,"2024-11-03 10:28:20.861884"
442,1179805293518004286,187,110,harshavardhan29,"2024-11-03 10:30:26.255331"
443,1179805293518004286,7,100,harshavardhan29,"2024-11-03 10:32:20.664482"
444,1179805293518004286,369,-10,harshavardhan29,"2024-11-03 10:41:55.506659"
445,1179805293518004286,369,-10,harshavardhan29,"2024-11-03 10:45:26.387905"
446,1060410743834546186,272,-10,pradeep2449,"2024-11-03 10:53:54.172937"
447,1179805293518004286,261,80,harshavardhan29,"2024-11-03 10:54:04.751280"
448,1060410743834546186,272,-10,pradeep2449,"2024-11-03 10:54:43.347707"
449,1060410743834546186,272,-10,pradeep2449,"2024-11-03 10:55:04.899683"
450,1179805293518004286,42,-10,harshavardhan29,"2024-11-03 10:57:02.255622"
451,1179805293518004286,42,-10,harshavardhan29,"2024-11-03 10:59:33.035570"
452,1179805293518004286,42,-10,harshavardhan29,"2024-11-03 11:01:06.251661"
453,1060410743834546186,67,-10,pradeep2449,"2024-11-03 11:03:11.119774"
454,1060410743834546186,67,-10,pradeep2449,"2024-11-03 11:04:17.105706"
455,1060410743834546186,67,80,pradeep2449,"2024-11-03 11:04:54.319378"
456,1179805293518004286,122,-10,harshavardhan29,"2024-11-03 11:12:22.707108"
457,1179805293518004286,122,-10,harshavardhan29,"2024-11-03 11:17:44.567590"
458,1179805293518004286,122,120,harshavardhan29,"2024-11-03 11:22:12.274737"
459,1060410743834546186,352,-10,pradeep2449,"2024-11-03 12:25:05.876181"
460,1060410743834546186,352,-10,pradeep2449,"2024-11-03 12:25:34.411074"
461,1060410743834546186,352,80,pradeep2449,"2024-11-03 12:26:21.969462"
462,1060410743834546186,302,70,pradeep2449,"2024-11-03 12:31:07.563761"
463,1060410743834546186,1,100,pradeep2449,"2024-11-03 12:37:06.433989"
464,1179805293518004286,249,70,harshavardhan29,"2024-11-03 13:05:19.258079"
465,1184665652875763732,305,60,preetbhanushali,"2024-11-03 13:09:56.870680"
466,1109416328609144854,105,90,lokki2590,"2024-11-03 13:19:14.386045"
467,1184665652875763732,241,70,preetbhanushali,"2024-11-03 13:21:48.303154"
468,1184665652875763732,329,-10,preetbhanushali,"2024-11-03 13:34:23.465556"
470,1184665652875763732,182,80,preetbhanushali,"2024-11-03 13:39:46.180215"
471,1291464726080913429,272,90,neha011756,"2024-11-03 13:40:58.296430"
472,1184665652875763732,138,90,preetbhanushali,"2024-11-03 13:45:03.328324"
473,1060410743834546186,194,110,pradeep2449,"2024-11-03 13:47:05.688065"
474,1179805293518004286,86,-10,harshavardhan29,"2024-11-03 13:48:25.273779"
475,1179805293518004286,86,120,harshavardhan29,"2024-11-03 13:49:28.537970"
476,1291464726080913429,86,140,neha011756,"2024-11-03 13:53:05.607660"
477,1184665652875763732,130,-10,preetbhanushali,"2024-11-03 13:53:44.622093"
478,1184665652875763732,130,-10,preetbhanushali,"2024-11-03 13:55:46.292540"
479,1184665652875763732,130,-50,preetbhanushali,"2024-11-03 13:57:35.282601"
480,1060410743834546186,365,120,pradeep2449,"2024-11-03 14:45:22.868234"
481,1300859158136098947,69,90,bhavin0952,"2024-11-03 15:05:56.404199"
482,1300859158136098947,38,100,bhavin0952,"2024-11-03 15:08:11.695192"
483,1060410743834546186,142,110,pradeep2449,"2024-11-03 15:12:14.552722"
484,1300859158136098947,90,110,bhavin0952,"2024-11-03 15:18:30.546448"
485,1300859158136098947,266,120,bhavin0952,"2024-11-03 15:22:27.942252"
486,1300859158136098947,208,-10,bhavin0952,"2024-11-03 15:27:16.517201"
487,1060410743834546186,54,-10,pradeep2449,"2024-11-03 15:29:22.164201"
488,1060410743834546186,54,80,pradeep2449,"2024-11-03 15:30:05.165017"
489,1300859158136098947,208,-10,bhavin0952,"2024-11-03 15:31:04.281372"
490,1300859158136098947,208,-50,bhavin0952,"2024-11-03 15:31:35.586210"
491,1300859158136098947,240,60,bhavin0952,"2024-11-03 15:37:15.136564"
492,1300859158136098947,305,70,bhavin0952,"2024-11-03 15:40:10.806564"
493,1300865579653267516,152,-10,7akaman,"2024-11-03 15:47:06.269476"
494,1300865579653267516,152,60,7akaman,"2024-11-03 15:47:56.321776"
495,1300865579653267516,374,90,7akaman,"2024-11-03 15:56:05.754709"
496,1179805293518004286,330,-20,harshavardhan29,"2024-11-03 16:00:00.156632"
497,1300859158136098947,136,100,bhavin0952,"2024-11-03 17:13:28.431935"
498,1300859158136098947,66,110,bhavin0952,"2024-11-03 17:16:28.637120"
499,1300859158136098947,71,120,bhavin0952,"2024-11-03 17:18:28.498328"
500,1300859158136098947,181,130,bhavin0952,"2024-11-03 17:22:12.403583"
501,1300859158136098947,334,-10,bhavin0952,"2024-11-03 17:31:38.324062"
502,1300859158136098947,334,-50,bhavin0952,"2024-11-03 17:32:19.605031"
503,1300865579653267516,141,80,7akaman,"2024-11-03 19:30:11.156859"
504,1300865579653267516,210,110,7akaman,"2024-11-03 19:43:01.332034"
505,1109621504095813754,100,100,jesdq,"2024-11-03 21:16:57.361600"
506,1109621504095813754,318,-10,jesdq,"2024-11-03 21:20:22.640011"
507,1300859158136098947,35,-10,bhavin0952,"2024-11-03 22:11:13.277243"
508,1300859158136098947,35,80,bhavin0952,"2024-11-03 22:14:30.284897"
509,1292626593516355617,234,80,rssahu_34755,"2024-11-04 02:04:19.653133"
510,1292626593516355617,191,90,rssahu_34755,"2024-11-04 02:10:07.994457"
511,796757669226610739,266,170,pushpakgaikwad12,"2024-11-04 03:45:16.713597"
512,796757669226610739,93,180,pushpakgaikwad12,"2024-11-04 03:52:52.410589"
513,796757669226610739,288,180,pushpakgaikwad12,"2024-11-04 04:02:29.401567"
514,796757669226610739,86,220,pushpakgaikwad12,"2024-11-04 04:10:59.663565"
515,796757669226610739,121,220,pushpakgaikwad12,"2024-11-04 04:21:56.334176"
516,1098654279989997638,262,80,_torato,"2024-11-04 05:03:58.950277"
517,1300859158136098947,9,70,bhavin0952,"2024-11-04 05:37:56.112093"
518,1300859158136098947,149,80,bhavin0952,"2024-11-04 05:43:18.430584"
519,1300859158136098947,265,110,bhavin0952,"2024-11-04 05:45:29.326830"
520,941586084104663080,370,80,mansi6806,"2024-11-04 05:47:01.581562"
521,1300859158136098947,278,120,bhavin0952,"2024-11-04 05:47:17.509380"
522,1300859158136098947,46,130,bhavin0952,"2024-11-04 06:02:13.582545"
523,1098654279989997638,72,130,_torato,"2024-11-04 06:07:09.612236"
524,1300859158136098947,176,140,bhavin0952,"2024-11-04 06:07:29.233231"
525,1300859158136098947,33,-10,bhavin0952,"2024-11-04 06:10:29.939366"
526,1300859158136098947,33,-10,bhavin0952,"2024-11-04 06:11:20.745731"
527,1300859158136098947,33,80,bhavin0952,"2024-11-04 06:11:44.258517"
528,1300859158136098947,33,-50,bhavin0952,"2024-11-04 06:12:09.697834"
529,1107712840464334910,145,-10,karthikghy,"2024-11-04 06:40:37.318889"
530,1107712840464334910,145,60,karthikghy,"2024-11-04 06:41:02.451240"
531,1300859158136098947,189,90,bhavin0952,"2024-11-04 08:03:47.184834"
532,1300859158136098947,274,100,bhavin0952,"2024-11-04 08:05:29.064088"
533,858570400241025034,243,60,bk052944,"2024-11-04 08:06:00.793362"
534,1300859158136098947,272,110,bhavin0952,"2024-11-04 08:07:26.327324"
535,1300859158136098947,328,120,bhavin0952,"2024-11-04 08:10:32.250240"
536,1300859158136098947,20,130,bhavin0952,"2024-11-04 08:13:05.310325"
537,1300859158136098947,22,-10,bhavin0952,"2024-11-04 08:26:30.699131"
538,1300859158136098947,22,-10,bhavin0952,"2024-11-04 08:30:37.131513"
539,1300859158136098947,22,-50,bhavin0952,"2024-11-04 08:31:08.973833"
540,1300859158136098947,288,80,bhavin0952,"2024-11-04 12:27:48.234604"
541,1300859158136098947,211,-10,bhavin0952,"2024-11-04 12:32:27.299846"
542,1300859158136098947,211,-50,bhavin0952,"2024-11-04 12:33:07.442079"
543,1300859158136098947,211,120,bhavin0952,"2024-11-04 12:35:12.205969"
544,1300859158136098947,138,90,bhavin0952,"2024-11-04 12:53:02.203465"
545,1300859158136098947,10,80,bhavin0952,"2024-11-04 12:56:16.505016"
546,1302443875624947803,267,80,manisha_71736,"2024-11-04 13:02:52.308374"
547,1060410743834546186,344,-10,pradeep2449,"2024-11-04 13:08:24.176284"
548,1060410743834546186,344,80,pradeep2449,"2024-11-04 13:10:34.772081"
549,1300859158136098947,29,110,bhavin0952,"2024-11-04 13:34:58.633019"
550,1300859158136098947,215,120,bhavin0952,"2024-11-04 13:39:53.314306"
551,1300859158136098947,217,130,bhavin0952,"2024-11-04 13:42:48.329486"
552,1300859158136098947,206,-10,bhavin0952,"2024-11-04 13:50:48.475188"
553,1300859158136098947,206,-10,bhavin0952,"2024-11-04 13:56:14.387533"
554,1300859158136098947,206,-50,bhavin0952,"2024-11-04 13:56:49.796470"
555,1291464726080913429,340,110,neha011756,"2024-11-04 14:07:02.423041"
556,1179805293518004286,127,-10,harshavardhan29,"2024-11-04 14:23:44.746941"
557,1179805293518004286,306,60,harshavardhan29,"2024-11-04 14:28:15.862587"
558,1179805293518004286,124,-10,harshavardhan29,"2024-11-04 14:42:07.275348"
559,1179805293518004286,124,120,harshavardhan29,"2024-11-04 14:43:14.784070"
560,1292626593516355617,266,120,rssahu_34755,"2024-11-04 14:43:33.064886"
561,1179805293518004286,3,-10,harshavardhan29,"2024-11-04 14:50:26.302343"
562,1179805293518004286,3,80,harshavardhan29,"2024-11-04 14:51:12.297373"
563,1060410743834546186,74,-10,pradeep2449,"2024-11-04 15:01:42.891874"
564,1060410743834546186,74,-10,pradeep2449,"2024-11-04 15:02:11.611860"
565,1060410743834546186,74,-10,pradeep2449,"2024-11-04 15:03:02.676243"
566,1235457227733864469,265,80,najir_11320,"2024-11-04 15:21:05.876195"
567,1246308050051141657,118,-10,badhri16,"2024-11-04 15:26:27.295513"
568,1246308050051141657,118,-10,badhri16,"2024-11-04 15:27:31.939435"
569,1246308050051141657,118,-50,badhri16,"2024-11-04 15:28:06.726236"
570,1246308050051141657,357,-10,badhri16,"2024-11-04 15:34:12.609309"
571,1246308050051141657,357,-50,badhri16,"2024-11-04 15:34:54.312092"
572,1060410743834546186,261,80,pradeep2449,"2024-11-04 15:37:55.534167"
573,1246308050051141657,79,120,badhri16,"2024-11-04 15:38:24.683395"
574,1246308050051141657,32,70,badhri16,"2024-11-04 15:40:41.757851"
575,1246308050051141657,324,-10,badhri16,"2024-11-04 15:42:46.539083"
576,1246308050051141657,324,-10,badhri16,"2024-11-04 15:44:26.559070"
577,1246308050051141657,324,-50,badhri16,"2024-11-04 15:44:45.549620"
578,1179805293518004286,176,-20,harshavardhan29,"2024-11-04 16:00:00.306466"
579,1246308050051141657,329,80,badhri16,"2024-11-04 16:01:27.161265"
580,1246308050051141657,58,90,badhri16,"2024-11-04 16:02:34.935119"
581,1246308050051141657,337,-10,badhri16,"2024-11-04 16:09:32.941412"
582,1246308050051141657,337,-10,badhri16,"2024-11-04 16:12:02.221860"
583,1246308050051141657,337,-10,badhri16,"2024-11-04 16:13:10.977225"
584,1246308050051141657,337,-50,badhri16,"2024-11-04 16:13:29.429411"
585,1202370332053344306,45,110,rahulgummal,"2024-11-04 16:57:34.337877"
586,1300839064781455401,342,-10,anusha_sha,"2024-11-04 17:32:15.433748"
587,1300839064781455401,342,-10,anusha_sha,"2024-11-04 17:33:46.867454"
588,1300839064781455401,342,-50,anusha_sha,"2024-11-04 17:36:03.459190"
589,934833356426862625,221,-10,mayankvijay_,"2024-11-04 21:52:23.149724"
590,934833356426862625,221,-10,mayankvijay_,"2024-11-04 21:55:28.257866"
591,934833356426862625,167,80,mayankvijay_,"2024-11-04 21:58:53.303360"
592,934833356426862625,305,70,mayankvijay_,"2024-11-04 22:01:49.819089"
593,934833356426862625,348,-10,mayankvijay_,"2024-11-04 22:10:55.293748"
594,934833356426862625,348,-50,mayankvijay_,"2024-11-04 22:11:48.609918"
595,1300859158136098947,4,80,bhavin0952,"2024-11-04 22:32:52.452436"
596,1300859158136098947,159,70,bhavin0952,"2024-11-04 22:34:32.436839"
597,1300859158136098947,70,140,bhavin0952,"2024-11-04 22:38:06.556892"
598,1300859158136098947,209,-10,bhavin0952,"2024-11-04 22:46:12.430211"
599,1300859158136098947,209,-50,bhavin0952,"2024-11-04 22:46:40.310738"
600,1300859158136098947,124,-10,bhavin0952,"2024-11-04 23:02:21.658413"
601,1300859158136098947,124,-50,bhavin0952,"2024-11-04 23:02:39.321507"
602,1246308050051141657,234,60,badhri16,"2024-11-05 02:56:48.323653"
603,1246308050051141657,182,90,badhri16,"2024-11-05 03:00:52.800984"
604,1292626593516355617,320,-10,rssahu_34755,"2024-11-05 03:02:26.018950"
605,1246308050051141657,175,100,badhri16,"2024-11-05 03:03:44.155963"
606,1246308050051141657,22,150,badhri16,"2024-11-05 03:08:49.471202"
607,1246308050051141657,16,-10,badhri16,"2024-11-05 03:09:50.368907"
608,1246308050051141657,16,60,badhri16,"2024-11-05 03:10:54.655361"
609,1246308050051141657,77,-10,badhri16,"2024-11-05 03:15:37.858882"
610,1246308050051141657,77,-10,badhri16,"2024-11-05 03:17:29.706569"
611,1246308050051141657,77,-50,badhri16,"2024-11-05 03:18:33.461238"
612,941586084104663080,156,70,mansi6806,"2024-11-05 03:19:44.796410"
613,941586084104663080,373,-10,mansi6806,"2024-11-05 03:27:42.217393"
614,941586084104663080,241,60,mansi6806,"2024-11-05 04:05:34.117466"
615,941586084104663080,62,70,mansi6806,"2024-11-05 04:09:03.297467"
616,1235457227733864469,246,70,najir_11320,"2024-11-05 04:11:07.510168"
617,941586084104663080,148,-10,mansi6806,"2024-11-05 04:11:55.277302"
619,941586084104663080,148,60,mansi6806,"2024-11-05 04:13:17.285653"
620,941586084104663080,304,70,mansi6806,"2024-11-05 04:16:48.282920"
621,941586084104663080,235,80,mansi6806,"2024-11-05 04:18:51.488564"
622,941586084104663080,300,90,mansi6806,"2024-11-05 04:21:36.594267"
623,1235457227733864469,12,60,najir_11320,"2024-11-05 04:22:27.451503"
624,941586084104663080,306,100,mansi6806,"2024-11-05 04:23:46.441222"
625,941586084104663080,301,110,mansi6806,"2024-11-05 04:27:30.109222"
626,941586084104663080,153,120,mansi6806,"2024-11-05 04:33:45.430370"
627,941586084104663080,191,130,mansi6806,"2024-11-05 04:37:59.174098"
628,1098654279989997638,1,100,_torato,"2024-11-05 04:40:20.582770"
629,941586084104663080,164,140,mansi6806,"2024-11-05 04:45:44.518600"
630,941586084104663080,319,150,mansi6806,"2024-11-05 04:51:31.392611"
631,1098654279989997638,274,110,_torato,"2024-11-05 04:52:08.940985"
632,1235457227733864469,140,70,najir_11320,"2024-11-05 05:34:54.159423"
643,1098654279989997638,13,100,_torato,"2024-11-05 05:53:57.191158"
644,1098654279989997638,66,130,_torato,"2024-11-05 06:02:01.296031"
645,941586084104663080,142,160,mansi6806,"2024-11-05 06:12:04.291442"
646,941586084104663080,149,160,mansi6806,"2024-11-05 06:21:35.055930"
647,941586084104663080,199,-10,mansi6806,"2024-11-05 06:25:30.608790"
648,941586084104663080,199,-50,mansi6806,"2024-11-05 06:26:20.011613"
655,1235457227733864469,302,60,najir_11320,"2024-11-05 06:38:31.727384"
657,1235457227733864469,156,70,najir_11320,"2024-11-05 06:53:19.974930"
665,941586084104663080,148,60,mansi6806,"2024-11-05 06:55:52.606425"
667,1235457227733864469,319,80,najir_11320,"2024-11-05 06:57:11.425951"
668,1231273246867853312,135,80,mayuradhav.,"2024-11-05 07:04:10.649739"
669,1235457227733864469,255,90,najir_11320,"2024-11-05 07:17:25.657926"
670,1235457227733864469,193,100,najir_11320,"2024-11-05 07:18:47.302949"
673,1235457227733864469,134,120,najir_11320,"2024-11-05 07:20:52.541624"
675,1235457227733864469,192,100,najir_11320,"2024-11-05 07:21:54.813244"
677,1235457227733864469,16,100,najir_11320,"2024-11-05 07:31:53.367522"
679,1235457227733864469,252,100,najir_11320,"2024-11-05 07:45:28.743389"
680,1235457227733864469,332,-10,najir_11320,"2024-11-05 07:57:26.963504"
681,1235457227733864469,142,100,najir_11320,"2024-11-05 08:00:33.284369"
682,1235457227733864469,300,100,najir_11320,"2024-11-05 08:09:42.481829"
683,1098654279989997638,279,140,_torato,"2024-11-05 10:38:12.663426"
684,1045986347518791720,104,80,krischay,"2024-11-05 11:58:57.455034"
685,1060410743834546186,47,70,pradeep2449,"2024-11-05 14:05:36.299021"
686,885528414042333234,297,80,malb6012,"2024-11-05 14:33:55.332178"
687,1060410743834546186,358,100,pradeep2449,"2024-11-05 14:37:20.252453"
688,885528414042333234,23,90,malb6012,"2024-11-05 14:37:25.253461"
689,885528414042333234,153,70,malb6012,"2024-11-05 14:40:14.486980"
690,885528414042333234,76,-10,malb6012,"2024-11-05 14:49:45.771704"
691,612706518978002945,301,60,s1ms0n_,"2024-11-05 14:57:46.961030"
692,885528414042333234,70,130,malb6012,"2024-11-05 14:58:59.225204"
693,1060410743834546186,15,80,pradeep2449,"2024-11-05 15:04:05.317998"
694,1246308050051141657,195,-10,badhri16,"2024-11-05 15:14:00.175155"
695,1246308050051141657,195,-10,badhri16,"2024-11-05 15:14:29.149054"
696,1246308050051141657,195,-10,badhri16,"2024-11-05 15:15:36.435082"
697,1179805293518004286,8,-20,harshavardhan29,"2024-11-05 16:00:00.374072"
698,1098654279989997638,8,-20,_torato,"2024-11-05 16:00:00.402718"
699,1045986347518791720,8,-20,krischay,"2024-11-05 16:00:00.428132"
700,1235457227733864469,8,-20,najir_11320,"2024-11-05 16:00:00.450701"
701,375529029006262282,280,80,animxh,"2024-11-05 18:07:13.378701"
702,375529029006262282,240,70,animxh,"2024-11-05 18:11:54.294001"
703,1291464726080913429,129,-10,neha011756,"2024-11-05 18:28:50.739548"
704,1291464726080913429,129,-10,neha011756,"2024-11-05 18:31:15.508980"
705,1291464726080913429,129,-10,neha011756,"2024-11-05 18:46:58.463402"
706,1300865579653267516,270,-10,7akaman,"2024-11-05 22:50:11.309349"
707,1300865579653267516,270,120,7akaman,"2024-11-05 22:52:33.466051"
708,1300865579653267516,173,120,7akaman,"2024-11-05 23:01:41.318521"
709,1300865579653267516,240,100,7akaman,"2024-11-05 23:08:42.315653"
710,1300865579653267516,65,100,7akaman,"2024-11-05 23:19:39.182870"
711,1300865579653267516,336,-10,7akaman,"2024-11-05 23:27:11.744065"
712,1300865579653267516,336,-10,7akaman,"2024-11-05 23:29:37.723324"
713,1300865579653267516,336,-50,7akaman,"2024-11-05 23:29:56.177519"
714,1246308050051141657,193,60,badhri16,"2024-11-06 04:35:40.859725"
715,1246308050051141657,177,80,badhri16,"2024-11-06 04:38:56.786433"
716,1246308050051141657,166,60,badhri16,"2024-11-06 04:42:00.044289"
717,1246308050051141657,334,-10,badhri16,"2024-11-06 04:44:42.429777"
718,1246308050051141657,334,-10,badhri16,"2024-11-06 04:48:39.330267"
719,1246308050051141657,334,-10,badhri16,"2024-11-06 04:48:59.501543"
720,1246308050051141657,334,-50,badhri16,"2024-11-06 04:49:21.404379"
721,1235457227733864469,65,100,najir_11320,"2024-11-06 05:04:35.499295"
722,1045986347518791720,303,70,krischay,"2024-11-06 05:12:39.923757"
723,1051095318806147072,317,80,push12.,"2024-11-06 05:22:45.232076"
724,1051095318806147072,147,60,push12.,"2024-11-06 05:38:50.678722"
725,1179805293518004286,328,90,harshavardhan29,"2024-11-06 05:40:42.655073"
726,1179805293518004286,35,-10,harshavardhan29,"2024-11-06 05:46:39.190249"
727,1179805293518004286,35,-10,harshavardhan29,"2024-11-06 05:47:15.158823"
728,1179805293518004286,35,-10,harshavardhan29,"2024-11-06 05:48:11.477551"
729,1235457227733864469,139,100,najir_11320,"2024-11-06 05:53:39.561872"
730,1235457227733864469,241,110,najir_11320,"2024-11-06 05:54:04.294756"
731,1051095318806147072,12,70,push12.,"2024-11-06 06:14:42.871691"
732,1298266771446566956,77,-10,anishkumar451,"2024-11-06 07:07:09.141096"
733,1298266771446566956,77,-50,anishkumar451,"2024-11-06 07:11:05.287438"
734,1051095318806147072,320,90,push12.,"2024-11-06 07:26:28.538007"
735,1051095318806147072,328,-10,push12.,"2024-11-06 07:30:33.307636"
736,1051095318806147072,328,90,push12.,"2024-11-06 07:32:48.930127"
737,1051095318806147072,23,90,push12.,"2024-11-06 07:36:33.620649"
738,1051095318806147072,97,90,push12.,"2024-11-06 07:42:18.451423"
739,1212818699741044788,61,60,gryffin31,"2024-11-06 08:46:50.763381"
740,1212818699741044788,255,70,gryffin31,"2024-11-06 08:48:48.360137"
741,1303408857346867223,333,80,srinivasareddy0357,"2024-11-06 08:56:40.998444"
742,1303408857346867223,15,70,srinivasareddy0357,"2024-11-06 09:00:32.213680"
743,1303408857346867223,301,70,srinivasareddy0357,"2024-11-06 09:02:30.550600"
744,1303408857346867223,220,70,srinivasareddy0357,"2024-11-06 09:10:26.325291"
745,1303408857346867223,272,90,srinivasareddy0357,"2024-11-06 09:13:33.933827"
746,1303408857346867223,228,-10,srinivasareddy0357,"2024-11-06 09:30:57.612147"
747,1303408857346867223,228,-10,srinivasareddy0357,"2024-11-06 09:32:51.867492"
748,1303408857346867223,228,-10,srinivasareddy0357,"2024-11-06 09:35:00.623045"
749,1303408857346867223,228,-50,srinivasareddy0357,"2024-11-06 09:36:01.711553"
750,1303408857346867223,276,90,srinivasareddy0357,"2024-11-06 10:05:25.792556"
751,1303408857346867223,178,90,srinivasareddy0357,"2024-11-06 10:12:29.783546"
752,1303408857346867223,218,70,srinivasareddy0357,"2024-11-06 10:19:08.436341"
